{
	"format_version": "1.8.0",
	"animations": {
		"animation.mage_villager.general": {
			"loop": true
		},
		"animation.mage_villager.villager_general": {
			"loop": true,
			"animation_length": 1.3333,
			"bones": {
				"leftArm": {
					"rotation": {
						"0.0": [0, 0, 0],
						"0.25": [0, 0, -22.5],
						"0.5": [-32.5, 0, -22.5],
						"0.75": [-32.27733, -4.02155, -28.83586],
						"1.0": [-32.40109, 2.68407, -18.27995]
					},
					"position": [0, 0, 0]
				},
				"head": {
					"rotation": {
						"0.0": [0, 0, 0],
						"0.25": [-2.5, 0, 0],
						"0.5417": [-2.49762, -0.10901, -2.49762],
						"0.7083": [0, 0, 2.5]
					},
					"position": {
						"0.0": [0, 0, 0],
						"0.25": [0, 0.25, 0]
					}
				},
				"nose": {
					"rotation": [0, 0, 0],
					"position": [0, 0, 0],
					"scale": {
						"0.0": [0.95, 0.95, 0.95],
						"0.1667": [1, 1, 1],
						"0.25": [0.95, 0.95, 0.95],
						"0.3333": [1, 1, 1]
					}
				},
				"hat": {
					"rotation": {
						"0.0": [0, 0, 0],
						"0.375": [0, 0, 0]
					},
					"position": {
						"0.0": [0, 0, 0],
						"0.375": [0, 0, 0]
					}
				},
				"hat2": {
					"position": {
						"0.0": [0, 0, 0],
						"0.25": [0, 0.5, 0],
						"0.375": [0, 0, 0],
						"0.5": [0, 0.5, 0]
					}
				},
				"hat3": {
					"position": {
						"0.0": [0, 0, 0],
						"0.25": [0, 0.5, 0],
						"0.375": [0, 0, 0],
						"0.5": [0, 0.5, 0]
					}
				},
				"hat4": {
					"position": {
						"0.0": [0, 0, 0],
						"0.25": [0, 0.5, 0.5],
						"0.375": [0, 0, 0],
						"0.5": [0, 0.5, 0.5]
					}
				},
				"body": {
					"rotation": {
						"0.0": [0, 0, 0],
						"0.25": [-0.5, 0, 0],
						"0.5417": [-0.5, -0.00218, -0.24999],
						"0.7083": [-0.49988, 0.01091, 1.24995],
						"1.0": [-0.5, 0, 0]
					},
					"position": {
						"0.0": [0, 0, 0],
						"0.25": [0, 0.1, 0]
					},
					"scale": 1
				},
				"rightArm": {
					"rotation": {
						"0.0": [0, 0, 0],
						"0.5": [-180, 0, 0],
						"0.625": [-125, 0, 0]
					},
					"position": {
						"0.0": [0, 0, 0],
						"0.625": [-2, 0, 0],
						"0.6667": [-1, 1, 0],
						"0.7083": [0, 2, 0],
						"0.75": [1, 1, 0],
						"0.7917": [2, 0, 0],
						"0.8333": [1, -1, 0],
						"0.875": [0, -2, 0],
						"0.9167": [-1, -1, 0],
						"0.9583": [-2, 0, 0]
					}
				},
				"weapon": {
					"rotation": {
						"0.0": [0, 0, 0],
						"0.5": [110, 0, 0],
						"0.625": [160, 0, 0]
					},
					"position": {
						"0.0": [0, 0, 0],
						"0.5": [0, 0, -4]
					}
				}
			}
		},
		"animation.mage_villager.move": {
			"loop": true,
			"anim_time_update": "query.modified_distance_moved",
			"bones": {
				"leftLeg": {
					"rotation": ["(math.cos(query.anim_time * 38.17) * 40.0) - this", "-this", 0]
				},
				"rightLeg": {
					"rotation": ["(math.cos(query.anim_time * 38.17 + 180) * 40.0) - this", "-this", 0]
				}
			}
		}
	}
}